id,sentence
1,The overall risk environment Risks to financial stability have increased during 2025.
2,"By some industry estimates, AI infrastructure spending over the next five years could exceed five trillion US dollars."
3,"The Committee judges that the benchmark for system-wide Tier 1 capital requirements, previously judged to be around 14% of risk-weighted assets (RWAs), is now around 13% of RWAs."
4,"In response to the Chancellor’s request in the FPC’s November 2024 remit letter, the FPC has assessed and identified areas where the financial sector could contribute further to supporting sustainable growth through higher productivity growth, investment and innovation."
5,Incentives in the financial system led to unsustainable lending growth in boom times followed by periods of deleveraging during the resulting downturn.
6,"Lending to small and medium-sized enterprises (SMEs) has been weak since the GFC, reflecting both the small share of SMEs seeking credit and historical barriers these firms face in accessing finance."
7,"The FPC supports: The changes made by the Prudential Regulation Authority (PRA) to Solvency II to encourage investment in productive assets by UK insurers, particularly through its reforms to the Matching Adjustment (MA) regime and its introduction of a Matching Adjustment Investment Accelerator (MAIA)."
8,"In line with easing monetary policy and a competitive mortgage market, quoted mortgage rates have continued to decrease."
9,"And, continuing the trend from July, growth in mortgage lending has risen to 3.2% year on year, above the post-GFC historical average of 2.2%."
10,"While it remains too early to assess the full impact of these policy changes in the mortgage market, recent indicators suggest a higher supply of credit to households with net mortgage approvals reaching a nine-month high."
11,"The corporate net debt-to-earnings ratio, at 134%, remains well below Covid (166%) and post-GFC (230%) highs."
12,"In markets serving higher-risk borrowers, such as leveraged loans and private credit, a larger proportion of outstanding debt has shorter maturity and therefore requires refinancing over the next few years, leaving corporates in such funding markets more exposed to a tightening of credit conditions or a deterioration in investor risk sentiment."
13,"Major UK banks continue to report robust earnings, and their average price-to-tangible book (PtTB) ratios have increased further above 1 since the July FSR."
14,"In the stress test, the aggregate Common Equity Tier 1 (CET1) capital ratio starts at 14.5% and falls to a low point of 11.0% in the first year."
15,No individual bank was required to strengthen its capital position as a result of the test.
16,"The FPC’s assessment of bank capital requirements The Committee judges that the updated appropriate benchmark for the system-wide level of Tier 1 capital requirements is now around 13% of RWAs (equivalent to a CET1 ratio of around 11%), 1 percentage point lower than its previous benchmark of around 14%."
17,That analysis also suggested that materially lower capital requirements could lead to significant reductions in long-run expected GDP.
18,"As a result: With the PRA and international authorities, the FPC will work to enhance the usability of regulatory buffers and so reduce banks’ incentives to have capital in excess of regulatory requirements."
19,"Leveraged borrowing by hedge funds in gilt repo markets remains elevated, reaching close to £100 billion in November."
20,Funds could need to deleverage simultaneously in response to a shock if funding conditions tightened to the extent that refinancing became unavailable or prohibitively expensive.
21,"In response to the Chancellor’s request in the FPC’s November 2024 remit letter, the FPC has assessed and identified areas where the financial sector could contribute further to supporting sustainable growth through higher productivity growth, investment and innovation (Box A)."
22,"In the long term, GDP growth is driven by changes to an economy’s supply capacity, which is determined by the amount of labour and capital available, and the efficiency with which these factors can be combined – known as total factor productivity."
23,Weighted average excludes Canada for 1997 due to unavailable 1996 data.
24,"In the 1990s, total factor productivity growth in most western economies was high, driven by the diffusion of information and communications technologies such as the internet, which have the characteristics of a General-Purpose Technology (GPT)."
25,"And Adler et al (2017) find that population ageing, slowing human capital accumulation, and lower global trade all contributed to this slowdown."
26,"Additional shocks, including the UK’s decision to leave the European Union, the Covid pandemic, and the significant rise in energy prices in 2022 following Russia’s invasion of Ukraine, have compounded these effects although recent data suggest that the productivity effects of the pandemic have dissipated and there is no longer a significant drag due to the energy price shock."
27,US productivity growth has increased since the pandemic.
28,"This could be driven by both demand for finance from businesses looking to invest in capital, as well as the supply of finance to those businesses."
29,The growth of market-based finance and increased competition within the banking sector have diversified the supply of productive finance to the real economy.
30,"Because the financial sector plays a role in driving UK productivity growth, actions to support financial stability in turn support economic growth."
31,Improvements to financial system resilience since the GFC have allowed it to continue to support UK households and businesses through periods of financial stress.
32,"For example, UK banks continued to lend to creditworthy households and businesses during recent shocks such as the Covid pandemic, the significant rise in energy prices in 2022 following Russia’s invasion of Ukraine, and episodes of market volatility."
33,The FPC regularly reviews its policy measures; recent examples include reducing the frequency of its main Bank Capital Stress Tests to every other year and recommending the PRA and the FCA amend implementation of the FPC’s loan to income (LTI) flow limit to allow individual lenders to increase their share of lending at high LTIs while aiming to ensure the aggregate flow remains consistent with the limit of 15%.
34,"This weighs the macroeconomic costs of capital (which stem from the impact of higher capital pushing up on borrowing costs) against the benefits of capital, which come about because higher bank capital reduces the likelihood and costs of financial crises."
35,"To meet the challenges of the future, the UK economy will require a flow of long-term capital to fund investments which improve the infrastructure that supports the economy, fund the development and deployment of new technologies that will drive productivity growth and support the transition to Net Zero."
36,"Traditional bank lending is less well-suited to HGFs because, although HGFs are either growing rapidly or have the potential to grow rapidly, they typically have a limited trading history, are not yet consistently profitable, or have low levels of collateral."
37,"The Bank and FCA have also set up the Digital Securities Sandbox (DSS), which provides a regulated environment to encourage innovation in financial market infrastructure."
38,The FPC has identified the following impediments to the investment of long-term capital by pension funds and insurers: 1. UK DC pension schemes are smaller in scale and allocate less to riskier assets than international peers.
39,"Potential solutions include scaling up DC pension funds, enabling them to enhance their sophistication and reduce unit costs, thereby improving outcomes for members."
40,DC pension products could also be expanded to offer a wider range of products without daily liquidity which can support longer-term investments.
41,"The FPC supports the changes made by the PRA to Solvency II to encourage investment in productive assets by UK insurers, particularly through its reforms to the Matching Adjustment (MA) regime and its work to deliver a Matching Adjustment Investment Accelerator (MAIA)."
42,Members of the Association of British Insurers committed to using the Solvency UK reforms to invest at least £100 billion in UK productive assets over the next decade.
43,"The FPC notes the progress made by signatories of the Mansion House Compact, with the proportion of investments in unlisted equities growing from 0.36% in 2024 to 0.6% in 2025."
44,"The Committee also notes the Mansion House Accord, in which 17 of the largest UK workplace pension providers have pledged to invest at least 10% of their DC default funds in private markets by 2030, with 5% of the total allocated to the UK."
45,"The FPC notes the new British Business Bank (BBB) objective, announced in the Autumn Budget 2025, to mobilise institutional capital at scale and the projected participation of domestic pension funds in the initial £200 million funding round for the BBB’s British Growth Partnership Fund."
46,The FPC has identified the following impediments to the supply of debt or equity finance to HGFs: 1. HGFs find it progressively more difficult to raise funds – especially from domestic sources – as funding rounds get larger due to a shortage of patient capital (Chart C).
47,"BBB research finds that the UK has an investment gap relative to the US, with UK VC investment representing 0.7% of GDP, 10% less than in the US over 2022–24. 2."
48,"Banks face significant challenges in developing lending collateralised by IP, primarily due to the difficulty of valuing intangible assets, the lack of standardised frameworks for assessing IP risk, and limited secondary markets for recovery in case of default."
49,"The solutions to mobilising domestic long-term capital set out above could benefit HGFs, as could solutions to reduce funding complexity – such as a ‘one-stop-shop’ for funding information for HGFs."
50,In this context the FPC notes the expanded financial capacity of the BBB this year and the announcement that the BBB will launch ‘Venture Link’.
51,Elevated geopolitical tensions and continued advances in technology have increased the potential for operational incidents to disrupt the provision of vital services (Section 7).
52,"The FPC supports: The changes made by the PRA to Solvency II to encourage investment in productive assets by UK insurers, particularly through its reforms to the MA regime and its introduction of a MAIA."
53,"Box B: Evolution of lending in the UK economy This box describes the evolution of the supply of credit to UK households and non- financial corporates, including small and medium-sized enterprises (SMEs), following the financial market liberalisation reforms in 1986."
54,"UK bank lending in the 1980s and early 1990s grew rapidly as deregulation led to an expansion beyond traditional business lending, which increased the banking sector’s size but created vulnerabilities."
55,The 1980s and early 1990s marked a structural shift in the UK banking sector driven by deregulation and increased competition.
56,"The removal of credit controls, exchange restrictions, and reforms such as the abolition of the ‘corset’ in 1980, enabled banks to expand beyond business lending into mortgage finance and investment banking.[4] Banks’ share of mortgage lending increased as a result."
57,Rapid credit growth and loosening of underwriting standards during this period increased vulnerabilities that resulted in the early 1990s small banks’ crisis.
58,"In aggregate, household and non-financial corporate debt doubled relative to GDP during the 1980s."
59,Between 1985 and 1989 residential property prices increased by nearly 80% and commercial real estate (CRE) prices by almost 90%.
60,"The early 1990s recession led to many repossessions, business failures – especially among SMEs – and high impairment rates on banks’ lending."
61,"The aftermath of the recession saw a reduction in the reliance of SMEs on bank financing, with the proportion of small businesses seeking external finance falling from 65% between 1987–90, to around 40% between 1995–97."
62,"Household debt was stable throughout much of the 1990s between 60%–65% of GDP, reflecting the subdued housing market that followed the 1990s recession as rates rose and house prices fell (Chart A)."
63,Household and corporate borrowing accelerated in the lead-up to the 2008–09 global financial crisis (GFC) resulting in over-leveraged bank and private sector balance sheets.
64,"Household debt-to-GDP grew by around 40 percentage points from the late 1990’s to 2008 and peaked at over 100% of GDP, mirroring rapid house price growth partly driven by increased competition among mortgage lenders (Chart A)."
65,"Corporate debt-to-GDP rose by less, from around 40% of GDP in 2003 to around 50% by end-2008 though the stock of CRE lending to GDP almost doubled between 2003 and early 2009."
66,"Chart A: Household and corporate indebtedness has fluctuated due to changes in financial and macroeconomic conditions Total household debt excluding student loans, corporate debt excluding CRE, and CRE debt (a) (b) Sources: Association of British Insurers, Bank of England, Bayes CRE Lending Report (Bayes Business School (formerly Cass)), Deloitte, Finance & Leasing Association, firm public disclosures, Integer Advisors estimates, LCD an offering of Pitchbook, London Stock Exchange, LSEG Eikon, ONS, Peer-to-Peer Finance Association and Bank calculations."
67,"Macroprudential policies, which strengthened the resilience and reduced excessive risk-taking across the financial system, were introduced after the GFC to reduce this procyclical behaviour."
68,Household credit growth slowed after the GFC as banks tightened lending standards and focused on repairing their balance sheets.
69,"The flat total household debt stock meant it declined relative to GDP, falling to below 90% in 2014."
70,"Corporates deleveraged with non- CRE and CRE debt-to-GDP bottoming out in 2014 and 2015 respectively, around their 2004 levels (Chart A)."
71,A shift in the provision of corporate finance occurred during this time as the share of market-based debt rose from a pre-GFC average of 43% (2003–07) to over 55% by 2015 (Chart B).
72,"This signalled a structural shift in corporate financing that has moved the UK closer to the US, although non-banks still supply relatively less corporate debt to UK firms than their US peers."
73,"Following the implementation of post-crisis regulation and policies to increase banking sector competition, bank lending and the stock of household and corporate credit rose between 2014 and 2020."
74,"This followed the implementation of post-crisis regulatory reforms, including higher capital and liquidity requirements that strengthened and increased confidence in the banking system."
75,Government and regulatory policies designed to increase banking sector competition also increased the number of providers of finance available to household and corporate borrowers.
76,"The stock of credit to households and corporates increased by over 20% from 2014 to end- 2019, from around £2.45 trillion to over £3 trillion."
77,"The rise in debt was broadly in line with economic growth in nominal terms, which had slowed from a pre-GFC average four-quarter growth rate of 5% to below 4% between 2014 and end-2019."
78,"Therefore, the aggregate household and corporate debt-to-GDP ratio was broadly stable over the period, although this masked a slight increase in the corporate debt-to-GDP ratio offset by a slight decline in the household debt ratio."
79,"The economy was hit by a series of shocks starting in 2020 that ultimately resulted in high inflation driving a marked reduction in household and corporate debt-to- GDP ratios, while post-GFC regulation has enabled the banking system to weather shocks while supporting the economy."
80,"The stock of corporate debt rose by 6% over 2020 H1 as many businesses, especially SMEs, faced severe cash flow issues due to lockdowns and reduced consumer demand."
81,"This led to a surge in demand for emergency finance, including government-backed loans."
82,"This, combined with a roughly 16% contraction in nominal GDP during lockdown, resulted in large increase in household and corporate debt-to-GDP ratios."
83,This reversed as the economy reopened following the Covid pandemic.
84,"Following this, a series of energy and supply shocks that increased inflation and nominal GDP resulted in a large reduction in debt-to-GDP ratios."
85,"The overlapping effects of these shocks, which resulted in interest rates increases, have created a prolonged period of uncertainty, making businesses more cautious about borrowing for expansion."
86,"While corporate and household debt increased over this period, by over £100 billion and £200 billion respectively between 2020 H1 and now, this increase was far lower than the near £800 billion increase in nominal GDP over this period."
87,The reduction in indebtedness of households and corporates relative to their income has led to an increase in resilience to future shocks (Section 3).
88,"Post-GFC regulation that increased bank resilience and the FPC’s use of the countercyclical capital buffer in stress, has enabled the banking sector to continue to support households and businesses through recent shocks."
89,"In aggregate, bank lending remains a dominant source of direct lending to households and corporates, although large corporates in particular diversified in the years following the GFC."
90,"Large corporates in particular led the diversification of corporate funding after the GFC, although the share of non-bank provided credit has then remained broadly steady over the past decade at over 55% (Chart B)."
91,The increased diversification of UK corporate finance has been further increased by international banks and by the emergence of challenger banks.
92,The former have increased their share of bank lending to UK corporates from 17% in the years before the GFC to 27% today.
93,Challenger banks have also increased their share of corporate lending.
94,"Chart B: UK corporate debt provision diversified after the GFC Share of the stock of lending to UK non-financial corporates from banks and non-banks Source: Refer to the sources for Chart A. Borrowing by SMEs has fallen as a share of GDP since the GFC reflecting both supply and demand effects, and historical access to credit challenges."
95,"The stock of SME debt as a share of UK GDP has fallen over the past 15 years, from 13% in 2011 Q4 to 8% in 2024 Q4 (Chart C) despite the growth of challenger banks."
96,"For example, Bank of England survey evidence suggests that many SMEs do not intend to expand their business and so do not need external finance for growth, and around 70% would prefer slower growth over taking on debt."
97,"The high cost, relative to lending to larger corporates, can be mostly attributed to higher impairments (through higher probability of default) and operational costs of SME lending (eg small loan size, and high screening costs due to information asymmetries)."
98,"The PRA is also currently working with HM Treasury to explore how the ring-fencing regime could be further reformed to allow ring-fenced banks to support SME scale-ups, with a report due to be published in early 2026."
99,2: Developments in global vulnerabilities and financial markets 2.1: Developments in the global risk environment and financial markets Risks to financial stability have increased during 2025.
100,"Analysis in the November 2025 Monetary Policy Report found that tariffs were having a relatively limited effect on global growth to date, but it is too early to judge whether this reflects diminished or merely delayed effects of trade policy changes."
101,"Some risky asset prices across advanced economy corporate bond and equity markets have increased since the July FSR, and risk premia across many risky asset classes remain compressed by historical levels, although have widened somewhat relative to the FPC’s October meeting."
102,On a three year forward basis – ie accounting for projected earnings growth over the next three years – excess earnings yield over inflation-protected government bonds in the US is also close to levels not seen since the dot-com bubble.
103,"The equity prices of some large US technology companies focused on AI have continued to increase since the July FSR, although have fallen in recent weeks."
104,"The size of these companies has increased concentration in the S&P 500 index to historical highs, with the ‘Magnificent 7’ accounting for over a third of the index.[5] Chart 2.2: Valuations for a range of risky assets remain at historically stretched levels Current levels of selected risk premia as a percentile of their historical distribution, compared to levels at the July 2025 FSR and October 2025 FPC meeting (a) Sources: Bloomberg Finance L.P., Datastream from LSEG, ICE BofAML, PitchBook Data, Inc. and Bank calculations."
105,"By some industry estimates, AI infrastructure spending over the next five years could exceed $5 trillion US dollars."
106,"The spread between yields on both investment grade (IG) and riskier corporate borrowing (high- yield bonds and leveraged loans) and yields on safer debt (eg government bonds) have widened marginally since the FPC’s October 2025 meeting across jurisdictions, partly as a response to some high-profile US corporate defaults."
107,"Corporates, especially highly leveraged corporates, continue to face challenges as they refinance existing fixed-term debt at higher rates following increases in interest rates over recent years (Section 3)."
108,"However, tight credit spreads have offset this in part and encouraged higher levels of corporate issuance."
109,"The imposition of tariffs could potentially lead to lower profits for firms through higher costs on imported goods and lower earnings – through either lower global demand, or in response to higher prices if firms pass the cost of tariffs onto consumers."
110,"In response to two recent high-profile corporate defaults in the US, credit spreads widened slightly but have not materially repriced, suggesting market participants primarily see them as driven by company specific-challenges."
111,"Notably, the opacity and complex corporate structures in these two entities may have been a contributing factor that allowed significant alleged fraud to be undetected for a period."
112,90+ day arrear rates on different forms of US consumer credit have increased markedly over the past three years (Chart 2.3).
113,Chart 2.3: 90+ day arrear rates on different forms of consumer credit in the US have increased Proportion of balances at least 90+ days in arrears on different forms of US consumer credit (a) Sources: Equifax and Federal Reserve Bank of New York.
114,"(a) Arrears on student loan debt increased significantly in the first half of 2025, reflecting the resumption of student loan repayments and reporting of delinquent loans to credit bureaus."
115,The arrears rate on auto loans by subprime borrowers that have been securitised in asset- backed securities (ABS) has increased sharply over the past few years (Chart 2.4).
116,"US businesses are facing cost pressures due to the imposition of tariffs, especially in exposed sectors."
117,"Default rates on speculative grade debt (leveraged loans and high-yield bonds) in the US have increased and are above pre-Covid levels, but have been broadly stable over the past two years (Chart 2.5)."
118,Chart 2.5: Defaults among riskier corporates have increased in the US 12-month average default rate on speculative grade (high-yield bonds and leveraged loans) borrowing in the US and EU Source: Moody’s Ratings.
119,"If this triggered a wider reassessment of credit quality by global markets, this could lead to higher borrowing costs for UK households and businesses, and lower liquidity in UK corporate bond and leveraged loan markets."
120,"If the defaults of First Brands and Tricolor prompted a wider reassessment of credit risk in the US, then this could spillover to the UK and harm the availability and pricing of credit for the UK real economy, with higher spreads and a tightening of credit conditions for lower quality credit in particular."
121,"The IMF’s broader measure of China’s government debt which captures some off-balance sheet debt, such as that held by local governments and associated with their funding vehicles, is forecast to rise to 153% of GDP by 2030."
122,"Support for local government finances was announced last November, which brings some local government debts onto balance sheets and reduces financing costs, but local government fiscal pressures remain elevated amidst weak revenue growth."
123,"In mainland China the pace of the decline in house prices has increased in recent months, following a stimulus-driven moderation at the start of the year."
124,"Yields on developed market long-term government bonds have risen over recent years reflecting interest rate increases and higher term-premia, as concerns about the sustainability of fiscal deficits globally remain in focus."
125,"UK 10-year government bond yields initially rose, reaching 4.71% at the time of the FPC’s October meeting, before subsequently declining to 4.54%, close to their July level."
126,This fall reflects both reduced term premia and expectations for interest rates.
127,Chart 2.7: Long-term (10-year) government bond yields have risen over recent years reflecting interest rate increases and higher term-premia.
128,These include: increased market volatility and possible interactions with vulnerabilities in MBF; the reduced ability of governments to respond to future shocks; higher interest rates leading to tighter global financial conditions; and the potential for capital outflows from non-resident investors.
129,"Historically, pension funds have been large buyers of longer-term government bonds, but have played less of a role in recent years as higher interest rates improve their funding ratios, and an ageing population may encourage funds to shift toward shorter-term assets to ensure liquidity for paying current benefits."
130,"In normal times, hedge funds serve a useful function by warehousing risk and intermediating between different types of market participants, thereby improving market liquidity and price discovery, but their use of leverage introduces risk."
131,"The progress in AI systems and the development of physical infrastructure to train, use and power them has resulted in a wide range of companies across multiple sectors – from technology to utilities and capital goods (referred to as ‘AI companies’ in this box) – being at least partly dependent on AI progress for their current and expected future earnings."
132,"The share prices of many AI companies are partly underpinned by high expected future earnings growth over several years, contributing to those companies – and subsequently the equity indices which they comprise a significant part of – appearing historically expensive in valuation metrics which consider past, current or only near-term future earnings (Chart A)."
133,The US excess cyclically-adjusted price-to-earnings (CAPE) yield – a measure of equity risk premia (ERP) which considers past earnings – is close to its lowest level since the dot-com bubble.
134,The 75 investment grade (IG) corporate issuers that JP Morgan Research estimate are most closely tied to the AI revolution already account for 14.5% of the JULI IG corporate bond index (up from 11.5% in 2020) – a higher share than the largest current sector (US banks).
135,"However, the second half of 2025 has seen the issuance of a large volume of corporate debt by some AI companies, a proportion of which has been raised through project-finance style off-balance sheet vehicles (eg $27.3 billion of bonds issued by the holding company Beignet Investor LLC to fund Meta’s Hyperion Data Centre in Louisiana)."
136,"For example, the five-year credit default swap spreads of Oracle – an AI company which has lower free cash flow margins than some other larger hyperscalers and has issued a large amount of debt this year to finance AI infrastructure spending – has widened from less than 40 basis points to around 120 basis points since end-July (by contrast, the credit default swap spreads of US IG corporates more broadly – as proxied by the CDX North American IG five-year index – are broadly unchanged over the same period)."
137,"Using Pitchbook data, Bank staff also estimate that new general lending to AI companies across the leveraged-finance and private market debt universe (comprising term loans, credit facilities and a limited share of bond issuance) increased by a factor of three between 2023 and 2024 and then again further in 2025 to almost $100 billion year-to-date."
138,"As a result, tracing the final location of credit risk is challenging, complicating assessments of who ultimately bears losses if conditions deteriorate."
139,The buildout of AI infrastructure to train and use AI systems is by some estimates expected to require more than five trillion US dollars of investment over the next five years and a significant but uncertain share of this is likely to be financed by debt.
140,AI use (commonly referred to as ‘inference’) is expected to increase from 30% to 70% of AI data centre capacity by 2029.
141,"While hyperscalers are expected to continue to leverage their operating cash flows for a large share of this investment, $1.5 trillion is expected to be met by external capital from a wide range of sources across (mostly) debt and equity, including $800 billion from private credit."
142,"However, the collapse of Archegos Capital Management in March 2021, after failing to meet margin calls on their equity total return swap positions, demonstrated how leveraged equity positions can result in risks to systemic financial institutions through prime brokerage exposures when prices fall."
143,Chart B: The notional outstanding value of equity-linked forwards and swaps have increased quickly in recent years.
144,"On top of the contribution of AI investment to US GDP growth, Bank staff estimate that increases in US equity prices have contributed to around 10% of the increase in US real consumption since the start of 2024, with AI-related equities the main driver during this period."
145,"The role of equities as a share of US household wealth has increased from 20% to 34% since the global financial crisis, and equity holdings have also increased relative to incomes in that time, although a large portion of this increase is driven by higher wealth households with a lower marginal propensity to consume."
146,The direct wealth effects on consumer spending in the UK of an AI-driven fall in equity prices are likely to be comparatively lower than the US due to the significantly smaller role of direct equity holdings as a share of household wealth.
147,"Additionally, weaker US demand could lead to lower US incomes and earnings, putting pressure on the debt servicing burdens of US households and businesses and consequently increasing the defaults and losses on the US exposures of UK lenders."
148,"While at present the degree of impact on credit markets of a re-evaluation of future AI company earnings would likely be modest, if debt issuance increased significantly, the direct impact would become larger."
149,"Very large shocks to commodity prices can have spillover consequences for systemic institutions, as seen in 2022 when large margin calls in LME Nickel futures markets following unprecedented increases in prices forced a suspension of trading by the central counterparty (CCP) LME Clear."
150,"If access to power – for example due to delays connecting new AI data centres to the electricity grid – acts as a bottleneck to the operation of AI data centre projects, it can also weigh on their credit risk and be a trigger for re-evaluating future AI company/project earnings."
151,"And highly indebted households and businesses may cut back sharply on consumption, investment, or employment to make debt repayments, worsening economic downturns."
152,"The UK labour market has softened, and UK unemployment has reached 5%, where it was expected to peak in 2025 Q4 – before gradually falling back to 4.7% by 2028 Q4."
153,"At the time of the November MPR, market pricing implied that Bank Rate was expected to be around 3.5% in a year’s time, slightly lower than expected in July."
154,"In line with the latest developments in monetary policy and a competitive mortgage market, quoted mortgage rates have continued to decrease."
155,"And continuing the trend from July, the growth in mortgage market lending has risen to 3.2% year on year, above the post-global financial crisis (GFC) average of 2.2%."
156,"Effective rates on new bank lending to corporates have also decreased, with rates for private non- financial corporates declining 14 basis points from August to September."
157,"The aggregate debt to income ratio remained low at 132% in 2025 Q2, having fallen to its lowest level since 2002."
158,"It assumes both a cumulative 5% fall in disposable (post-tax) household incomes by the end of 2027 – a little larger than in the GFC – as well as a 300 basis points increase in mortgage spreads, which passes through to mortgage borrowers with a lag."
159,Aggregate consumer credit DSRs remain low at around half pre-GFC levels and the share of consumer credit in arrears has remained relatively stable at 1.2% in 2025 Q3.
160,"Consistent with this, the rate of mortgage arrears, which was 0.9% in 2025 Q3, is expected to remain well below its early 1990s and post-GFC peaks."
161,"The number of homes repossessed by banks increased this year, reaching around 6,100 homes by the end of 2025 Q3 compared to 4,200 at the end of 2024 Q3, although repossession rates remain very low by historical standards at 0.06% of all loans."
162,Evidence from the NMG survey finds that the gap in median savings to income between outright owners and renters has widened over 2025.
163,"Around 35% of households are renters, so sharp spending cuts or defaults on their financial obligations in the event of economic shocks can pose financial stability risks."
164,Borrowing costs have decreased following recent reductions in Bank Rate.
165,"A third of mortgage accounts (three million households) are expected to see payments decrease in the next three years, similar to expectations at the time of the July FSR."
166,"However, some households are expected to see an increase in mortgage repayments, as the full impact of higher interest rates has not yet passed through to all mortgagors."
167,"In total, over the next three years, 43% of mortgage accounts (3.9 million) are expected to refinance onto higher rates."
168,"On balance, for the typical owner-occupier mortgagor rolling off a fixed rate in the next two years, their monthly mortgage repayments are projected to increase by £64 (8%), with some households facing much larger increases."
169,The FPC has set out a recommendation for a 15% aggregate flow limit on new UK mortgage lending to borrowers with high LTI ratios (at or greater than 4.5).
170,This measure provides insurance against a marked and unsustainable loosening in underwriting standards and a further significant increase in the number of very highly indebted households.
171,This amendment allows individual lenders to increase their share of lending at high LTI ratios while aiming to ensure the aggregate flow remains consistent with the limit of 15%.
172,"Consistent with the FPC’s update, the PRA has provided an interim modification by consent that allows approved lenders to disapply the 15% LTI flow limit in PRA rules with immediate effect."
173,This adjustment in requirements allows individual lenders more flexibility to go above the 15% limit in line with their own risk frameworks and subject to the aggregate level across all lenders remaining consistent with the 15% limit.
174,"However, several major lenders have already changed their behaviour in response to the MCOB statement, in part driving a fall in median stress rates on Q3 completions of around 100 basis points since Q1."
175,"And net mortgage approvals hit a nine-month high in September, returning to the pre-Covid average (Section 4)."
176,"The share of high LTI lending increased to 9.5% in Q3, in line with Q1 and up from 7.6% in Q2, which was depressed by the end of the stamp duty land tax holiday."
177,"This leaves the four-quarter rolling average at 8.7%, well below the 15% limit (Chart 3.2)."
178,Chart 3.2: High LTI lending increased in 2025 Q3
179,"While looser credit conditions allow additional borrowers to enter the market in the near term, staff analysis suggests that, unless there is also an increase in housing supply, increased credit availability has limited ability directly to address barriers to home ownership."
180,The corporate net debt to earnings ratio ticked up slightly in 2025 Q2 as net debt increased and profits fell slightly.
181,"At 134%, the aggregate ratio remains well below Covid (166%) and post-GFC (230%) highs, reducing the risk that indebted corporates would materially amplify a shock relative to the past."
182,Chart 3.3: Measures of corporate vulnerability would remain low even if earnings fell substantially and funding costs increased Debt-weighted share of UK corporates with ICRs below 2.5 and share of UK corporates at higher risk of default and staff projections (a) (b) (c) (d) (e) Sources: Moody’s: Bureau van Dijk and Bank calculations.
183,The stressed projection assumes a 10% fall in earnings and a range of 300 to 500 basis points increase in corporate lending spreads.
184,"Consistent with the low share of vulnerable corporates, monthly insolvency rates were at a low level at around 53 per 10,000 firms in the 12 months to September 2025, well below their long-term average level of around 70 per 10,000 firms, and lower than the rate recorded in September 2024."
185,"However, there has been an uptick in insolvencies for medium-sized corporates, although most insolvencies are still driven by small firms with limited debt and employment."
186,SME arrears for non-government guaranteed debt have been gradually rising over the past couple of years and increased in August by 0.2 percentage points to 1.5%.
187,"The share of SMEs in arrears is highest in the accommodation and food, construction, and retail trade sectors, which are more exposed to increased input costs and increased labour market costs associated with a higher minimum wage and the increase in employer’s national insurance contributions (NICs)."
188,"However, SME lending has limited implications for banking system losses in aggregate because their bank exposures are relatively small, and a portion of this lending is government guaranteed."
189,"Some highly leveraged corporate borrowers relying on market-based finance areparticularly exposed to tighter financing conditions, which could be triggered by global shocks."
190,"UK corporates borrowing via market-based finance, such as leveraged loans, high-yield bonds and private credit, might face refinancing challenges due to higher interest rates and greater borrowing levels."
191,"While interest rates remain high, cuts in Bank Rate will have benefitted corporates on floating interest rates (eg variable-rate bank loans) that decreased in line with Bank Rate."
192,"Corporate bonds, which comprise a large part of total market-based financing in the UK, are fixed for 10 years on average, meaning issuers are likely to face interest rate increases as they refinance."
193,"However, most publicly issued bonds are investment grade, and their issuers are likely to be more resilient to higher rates because of low leverage, stronger balance sheets and more choice over sources of finance."
194,"In Q3, around a quarter of outstanding leveraged loan debt was due to mature by the end of next year, and over half was due to mature by end-2028, slightly less than the shares in 2024 Q3."
195,"Private credit shows similar dynamics, with around 20% due by next year and 42% by end-2028."
196,The steeper refinancing walls increase the exposure of these corporates to higher interest rates and deteriorations in investor risk sentiment.
197,"Credit spreads across a range of markets widened marginally in November compared to the previous month, partly as a response to the recent high-profile US corporate defaults, but they remain very low by historical standards (Section 2)."
198,"This has reduced corporate borrowing costs, encouraging higher levels of corporate issuance and easing refinancing burdens."
199,"Because firms using riskier forms of market-based finance comprise at least 12% of UK employment, stress in these markets could pose some borrower and lender resilience challenges."
200,"Considered over a longer time horizon, the aggregate CET1 capital ratio has been broadly stable since the completion of the phase-in of the post-global financial crisis (GFC) bank capital framework in 2019."
201,"Following its first assessment in 2015, and a subsequent update in 2019, the FPC has updated its assessment of the appropriate level of bank capital requirements, which is covered in detail in Box D and the Financial Stability in Focus."
202,Asset quality Loans for which there has been a significant increase in credit risk since 9.4% (Q3) 9.6% (Q1) origination (IFRS 9 ‘Stage 2’)
203,(a) The major UK bank peer group includes the following banks:
204,"Several banks upgraded their earnings guidance for 2025 in Q3, and there was a broad-based upgrade to consensus estimates following Q3 earnings."
205,"Major UK banks continued to return capital to shareholders through buybacks and dividends, totalling £8.6 billion in Q3."
206,"Major UK banks’ asset quality remained strong in Q3, with little change in aggregate relative to the July FSR (Table 4.A), despite some banks increasing impairments on specific portfolios."
207,"UK bank valuations are near post-GFC highs, supported by a decline in their cost of equity and an increase in expected RoTE."
208,"UK banks’ average price to tangible book (PtTB) ratios have increased further above one since the July FSR, up from Covid-era lows of around 0.5.[8]"
209,Valuations of major UK banks have increased due to both an increase in expected aggregate RoTE and a decrease in their cost of equity in recent years.
210,Aggregate three-month moving average Liquidity Coverage Ratios (LCRs) have reduced slightly since the July FSR (Table 4.A).
211,The normalisation of the Bank’s balance sheet has continued as the extraordinary measures put in place following the GFC and Covid pandemic have been unwound further.
212,"In October, banks repaid £30 billion of TFSME drawings as they fell due."
213,This brings the outstanding TFSME amount to £42 billion from £193 billion outstanding in 2021.
214,"As expected, gilt repo rates rose temporarily at the end of October, in part due to the reduction in reserves, but retraced following usage of the Bank’s facilities."
215,"4.2: UK banks’ provision of credit to households and businesses Aggregate lending has continued to increase year-on-year, with gross household and corporate lending flows above or around pre-Covid levels."
216,"Following a decline in 2025 Q2 that reflected the impact of buyers bringing mortgage purchases forward to Q1 ahead of the stamp duty changes, mortgage activity picked up in Q3, including the proportion of new loans at higher LTI and LTV ratios."
217,This was driven by stronger-than-expected demand and an easing in lending conditions.
218,Some of this easing reflected banks reducing stress rates on mortgage lending in response to the FCA’s clarification of its Mortgage Conduct of Business (MCOB) rules (Section 3).
219,"Looking forward, there may be further increases in lending at higher LTV and LTI ratios as the full impact of the FCA clarification feeds through, along with effect of the adjustment made by the PRA to the application of the LTI flow limit, following the FPC’s updated recommendation in Q2 (Section 3)."
220,"This is supported by evidence from the most recent Credit Conditions Survey – 2025 Q3 (CCS), where lenders reported expectations of further increases in mortgage availability in Q4."
221,"Lending by banks to large corporates and SMEs has continued to increase since the July FSR, with SMEs recording four consecutive months of annualised net lending growth for the first time since 2021."
222,Increased competition is said to be contributing to compressed spreads and an easing in some loan terms.
223,"But the Agents note some pockets of increased demand, and lenders noted a slight increase in demand in the CCS."
224,Chart 4.2: A fall in gross lending volumes from banks and building societies in 2025 Q2 reflected the impact of mortgage activity brought forward to the first quarter.
225,"Maintaining a neutral setting of the UK CCyB in the region of 2% should help to ensure that banks continued to have capacity to absorb unexpected future shocks without an unwarranted restriction in essential services, such as the supply of credit, to the UK real economy."
226,"As PTF activities often involve high volumes of intraday trading, this can result in banks’ intraday exposures, through their PTF clients, exceeding end-of day positions."
227,"The PRA’s 2025 list of priorities for UK Deposit Takers raised counterparty credit risk as a continued area of focus, in particular exposures to NBFIs.[10]"
228,"This assessment weighs the macroeconomic costs of capital, which stem from the impact of higher capital pushing up on borrowing costs, against the benefits of capital, which come about because higher bank capital reduces the likelihood and costs of financial crises."
229,The Committee judges that the appropriate benchmark for the system-wide level of Tier 1 capital requirements is now 1 percentage point lower at around 13% of RWAs – equivalent to a Common Equity Tier 1 (CET1) ratio of around 11%.
230,"This 13% benchmark for Tier 1 capital requirements comprises an underlying optimal level of 11%, inclusive of the neutral rate for the UK CCyB, and an additional 2 percentage points to account for outstanding gaps and shortcomings in the measurement of RWAs."
231,"The 7½ percentage point fall in banks’ average risk weights (measured excluding central bank reserves) since the beginning of 2016 means that the FPC’s previous Tier 1 benchmark is now associated with around £60 billion less nominal capital, based on the size of current balance sheets, than would have been the case absent the fall in risk weights; systemic buffers are lower than envisaged in 2015 as some banks have decreased in systemic importance; and the implementation of Basel 3.1 on 1 January 2027 will improve risk measurement, allowing the Prudential Regulation Authority (PRA) to reduce Pillar 2A minimum requirements by around ½ percentage point."
232,"As a result, the level of system-wide Tier 1 capital requirements is expected to fall to around 13% of RWAs when Basel 3.1 is implemented, consistent with the FPC’s updated benchmark."
233,"Since the FPC’s previous assessments, the banking system has supported the real economy through several macroeconomic shocks, including those related to Covid and Russia’s invasion of Ukraine."
234,"As the economic outlook improved following recent shocks, credit conditions for households and businesses improved commensurately and have since evolved in line with the macroeconomic outlook."
235,Higher returns on tangible equity (RoTE) – and investors’ increasing confidence that those returns can be sustained – have supported a material increase in UK banks’ equity market valuations (Section 4).
236,"Major UK banks’ average price to tangible book ratio is above 1, indicating that investors expect RoTE to be above the level needed to compensate them for the perceived riskiness of those returns (referred to as the ‘cost of equity’)."
237,"Relatedly, there is evidence that the premium investors demand to hold UK banks’ equity relative to their debt has fallen, which reduces the cost to banks of increasing their share of equity funding relative to debt funding, all else equal."
238,"Major UK banks have also continued to return capital to shareholders through buybacks and dividends, totalling around £90 billion over the past three years."
239,Analysis suggests that materially lower capital requirements could lead to significant reductions in long-run expected GDP.
240,"Those judgements were related to credible and effective resolution arrangements, effective supervision, structural reform such as the implementation of ring-fencing, and the Committee’s active use of the time-varying CCyB. Together, these judgements materially reduced the FPC’s assessment of the appropriate level of capital in 2015."
241,Analysis also suggests that reducing system-wide capital requirements materially below the FPC’s updated benchmark of 13% (unless due to further improvements in risk measurement that allow overlaps to be removed from Pillar 2A requirements) could be associated with significant reductions in long-run expected GDP through the costs of greater instability – especially if those reductions in capital were to undermine the credibility of the resolution regime as a result of lower overall loss-absorbing capacity.
242,The FPC would expect banks to use any such changes as a means to increase their support of households and businesses in the real economy.
243,"But to the extent that incentives to maintain excess capital can be reduced by enhancing buffer usability, this could allow banks to support a material increase in lending."
244,The reduction of the FPC’s important Tier 1 benchmark to 13% should also provide banks with greater certainty and confidence to use their existing capital to support lending to the real economy.
245,"As a result, the FPC will review how the leverage ratio has been implemented in the UK, how it is operating in practice, how it is interacting with other policies such as ring-fencing, and whether this matches the original intention of the framework."
246,"For example, the FPC will explore the extent to which the leverage ratio has become more binding as a result of underlying reductions in the riskiness of banks’ exposures."
247,"Global trading relationships fragment, leading to severe supply chain disruptions, which contributes to a large fall in world trade volumes."
248,UK GDP falls by 5% and unemployment rises to 8.5%.
249,World GDP falls by 2%.
250,"Increased risk aversion leads to large falls in asset prices, while elevated sovereign debt levels in advanced economies put further upward pressure on government bond yields."
251,"Credit growth slows in the early part of the stress reflecting lower credit demand and a worsening economic outlook, however it recovers in the later years and lending to the UK real economy is assumed to increase by more than 6.5% over the scenario horizon."
252,"The banking system starts the test in a strong capital position, with a Common Equity Tier 1 (CET1) capital ratio of 14.5% in aggregate."
253,"The aggregate CET1 capital ratio falls to a low point of 11.0% in the first year of the stress, which equates to an aggregate capital drawdown of 3.5 percentage points."
254,It falls to a low point of 4.7% in the first year of the scenario.
255,"At the low point, capital remains around £60 billion above the sum of aggregate minima and systemic buffers, indicating that the UK banking system would be resilient to the severe but plausible scenario and would have the capacity to continue lending to creditworthy households and businesses throughout the stress."
256,No individual bank is required to strengthen its capital position as a result of the test.
257,"The key drivers of the capital drawdown are an increase in credit impairments (Section 5.3) and traded risk losses (Section 5.4), which are only partially offset by higher NII in the first year of the stress (Section 5.5)."
258,5.3: Credit impairments Banks incur credit impairments of £112 billion over the test.
259,Credit impairments reduce the aggregate CET1 capital ratio by 3.3 percentage points at the low point (year 1).
260,UK consumer credit impairments are £29.3 billion which is lower than in the 2022/23 ACS.
261,"As set out in Box E, the Bank has reviewed past judgements and recent evidence on consumer credit quality and has allowed for lower consumer credit loss rates in the 2025 Bank Capital Stress Test than in past exercises."
262,The less severe inflation path in this test has also reduced the affordability impact.
263,"Non-UK consumer credit impairments are £19 billion, which is lower than in the 2022/23 ACS."
264,This is due to improved asset quality in non-UK consumer lending which includes a range of countries and products.
265,"There are common drivers of impairments across corporate portfolios – for example 70% of banks reported impairments were from sectors judged vulnerable to rising costs, trade disruption and higher interest rates."
266,"UK CRE impairment rates are broadly unchanged since the 2022/23 ACS, as price falls over the previous 18 months have contributed to increased LTV ratios."
267,"This is significantly lower than in the 2022/23 ACS, primarily driven by a reduction in CRE losses in Hong Kong and China."
268,The period since the last ACS has seen a significant crystallisation of losses against which banks have set aside substantial provisions (£6.4 billion).
269,"While material risks remain in the sector, the worst quality assets have been written off, and the remaining total exposure is reduced by about 40%."
270,"The five-year impairment rate across all leveraged lending exposures was 13%, compared to less than 8% in the global financial crisis (GFC)."
271,Corporates are assumed to increase their usage of revolving credit facilities – at a drawdown rate of 80% – throughout the five-year scenario.
272,This reflects the fact that a large majority of UK mortgages on banks’ books currently have an LTV ratio of below 70%.
273,Chart 5.2 shows that increasing the UK house price fall beyond 30% would tend to have an increasing marginal impact on bank losses as a greater proportion of their lending would be secured on collateral worth less than the value of the loan.
274,"For instance, if the fall in UK house prices were 10 percentage points greater, aggregate UK mortgage impairments would be around twice as great as in the Bank Capital Stress Test."
275,5.4: Traded risk The traded risk scenario reduces banks’ aggregate CET1 capital ratio by 0.8 percentage points in the first year of the stress.
276,"In the traded risk scenario, global equity prices decline sharply, with the FTSE All-Share index falling by 48%, and the S&P 500 falling 57%."
277,"Measures of market-implied volatility also rise, with the Chicago Board Options Exchange Volatility Index (VIX) increasing to a peak of 45."
278,The 10-year UK government bond yield increases by 210 basis points at its peak.
279,"Overall, the net impact of these factors reduces banks’ capital by around £15 billion, equivalent to 0.8 percentage points of the CET1 capital ratio."
280,"Revenues decline in the first year of the stress, driven by a sharp fall in fees from advisory activities, though they are somewhat supported by resilient client trading activities in response to increased financial market volatility."
281,"However, this revenue is offset by £35 billion of losses due to the stress scenario leading to losses in fair-value through other comprehensive income securities, trading inventories and related valuations adjustments."
282,"Higher interest rates and a higher spread between government bond yields and OIS rates in the scenario lead to lower fair value of bond holdings in banks’ liquid asset buffers, which contributed to a £15.5 billion reduction in capital."
283,"Trading book losses from market risk shocks, defaults of selected vulnerable counterparties and valuation adjustments contributed to a £19 billion reduction in capital, reflecting the sudden and severe shocks to financial markets."
284,It is also driven by banks’ ability to invest non- interest-bearing liabilities and equity in fixed-interest bearing assets referred to as structural hedge portfolios.
285,"Over recent years, as interest rates increased from historically low levels, loan margins recovered to be in line with historical averages (Chart 5.3)."
286,"First, it is assumed that spreads on lending to UK households and businesses increase by only a limited amount that reflects higher expected credit losses on new loans."
287,"For example, spreads between mortgage rates and risk-free interest rates are assumed to widen only to around 80 basis points in the test, compared to around 60 basis points at the start of the stress scenario."
288,"Second, as interest rates increase many customers would move deposits from accounts that pay no interest to deposit accounts that do pay interest."
289,"In aggregate the share of deposit balances that are non-interest bearing is assumed to decline over the five years of the scenario and ends 15 percentage points below its peak, at a similar level to that seen prior to the GFC."
290,"Third, it is assumed that banks pass through around 70% of the increase in Bank Rate to sterling deposit rates within the first year of the stress."
291,"It is somewhat less than the 80%– 90% pass through in the later stages of that cycle, though this estimate may also include some impact from earlier increases continuing to pass-through."
292,Sensitivity analysis suggests that a 10 percentage point change in the deposit pass-through rate on sterling deposits would be expected to affect the aggregate CET1 capital ratio by around 15 basis points at the low point of the stress in year 1 (Chart 5.4).
293,"In the first year of the stress, average risk weights for credit exposures increase from 33% to 37%, as these exposures become riskier during the stress."
294,The increase in risk-weights puts downward pressure on CET1 capital ratios – defined as CET1 capital as a percentage of RWAs – and they fall as RWAs increase.
295,"Expenses increase materially in later years, as the effect of higher consumer prices feeds through to a rise in staff and non-staff costs."
296,"In aggregate, costs increase by 8% over the scenario, compared to a 23% increase in UK consumer prices over the same period."
297,"In the 2025 stress test, the aggregate stressed projection for misconduct costs is £13.6 billion over the five years of the stress, with around £4.5 billion of these realised in the first year."
298,"As in previous stress tests, banks’ resilience relies in part on their ability in a stress to cancel ordinary dividend payments, employee variable remuneration, and coupon payments on Additional Tier 1 instruments, as well as other management actions taken in response to the stress."
299,"In the 2025 stress test, SMAs support the aggregate CET1 capital ratio by 0.8 percentage points and the aggregate leverage ratio by 0.3 percentage points."
300,"The earlier recognition of losses under IFRS 9 enhances transparency and market confidence in measures of banks’ capital positions, including in a downturn, thereby supporting financial stability and the safety and soundness of individual banks."
301,"All else equal, bank capital, as measured under IFRS 9, is likely to fall more sharply in the early part of a stress as capital is drawn down earlier to raise provisions."
302,"In previous stress tests following the introduction of IFRS 9, temporary measures were used to manage the capital impacts of using IFRS 9 while an enduring solution was identified."
303,"This has resulted in a number of changes relative to previous concurrent stress tests, which the Bank has judged to be appropriate to make alongside the earlier provisioning under the IFRS 9 accounting standard: To reflect the impact of IFRS 9 when setting the PRA buffer, the Bank will assume a CCyB rate that reflects the FPC’s judgement that it would set the neutral rate for the UK CCyB around 2%.[20]"
304,"In aggregate, this additional drawdown is worth around 0.5 percentage points of CET1 capital, taking into account each bank’s proportion of UK exposures in its risk-weighted assets."
305,This has resulted in a scenario that is more closely aligned to the average of historical advanced-economy stresses and the GFC and has led to some credit losses being recognised later in the exercise.
306,This change has contributed to a reduction in the aggregate proportion of five-year losses in the first year of the stress scenario from 59% in the 2022/23 Annual Cyclical Scenario to 52% in the 2025 Bank Capital Stress Test.
307,This updated methodology has resulted in the start-to-trough changes in some variables being somewhat smaller over the scenario horizon than they otherwise would have been.
308,The removal of past judgements is estimated to reduce the five-year impairment rate on UK unsecured personal credit portfolios in the 2025 Bank Capital Stress Test by 4.6 percentage points.
309,"For some banks, this is because other capital buffers, such as the CCyB and CCoB, would be sufficient to absorb the losses in the scenario."
310,"(a) For the purpose of the Bank’s assessment, the capital impact of IFRS 9 is estimated using the CRR ‘Quick Fix’, assuming 100% relief for relevant provisions."
311,"As well as avoiding an unwarranted increase in capital requirements, the changes implemented in this year’s test have had a number of other benefits."
312,"If asset values fall below agreed thresholds, funds may need to post additional collateral or repay part of the loan to maintain compliance with covenants of the loan agreement."
313,"In addition, banks reported committed limits of £37 billion to UK corporates which are majority-owned by financial sponsors, including private equity funds."
314,This lending tends to be riskier than other types of lending to businesses due to high levels of debt on the underlying corporates’ balance sheets.
315,Loss rates on private market fund financing lines have historically been low… Banks have explained historically low loss rates on private market fund financing lines to be supported by capital commitments from large institutional investors and diverse asset pools with low loan to value ratios.
316,"The spread between gilt repo rates and Bank Rate has consistently been around its recent average, with the exception of expected periods of elevated repo rates such as period end, or following large repayments of the Term Funding scheme with additional incentives for Small and Medium-sized enterprises (TFSME)."
317,"In contrast, firms such as insurers and pension funds, who had the highest demand for gilts historically, especially at longer maturities, have become less active as higher nominal yields improve their funding ratios, and an ageing population may encourage funds to shift toward shorter-term assets to ensure liquidity for paying current benefits."
318,"Leveraged market participants can often serve a useful function by warehousing risk and intermediating between different types of market participants, thereby improving market liquidity and price discovery."
319,"Hedge fund net gilt repo borrowing has continued to increase since the July FSR, reaching close to £100 billion in November, the highest since data collection began in 2017 (Chart 6.2)."
320,Net borrowing in gilt repo markets by hedge funds is concentrated and heavily driven by international firms.
321,"Hedge fund leveraged positions in the gilt repo market are predominantly driven by entities that are managed outside the UK, with hedge funds managed by US managers accounting for around 60% of hedge funds’ total net gilt repo borrowing (Chart 6.3).[27]"
322,"Chart 6.3: Hedge fund activity in the gilt repo market is predominantly driven by non-UK managed funds Net repo borrowing of hedge funds and insurers, pension schemes and LDI funds by fund manager domicile (a) (b) Sources: Global Legal Entity Identifier Foundation (GLEIF) Level 1 and Level 2 data, SMMD and Bank calculations."
323,"At present, the cash-futures basis trade is one where hedge funds purchase gilts (financed via repo, typically provided by banks) and sell gilt futures contracts, taking advantage of the discrepancy of the forward price of the gilt and the price of the futures contract into which it can be delivered, and therefore benefiting from the small price differential."
324,"The repo leg of this trade can often be done at a zero haircut, sometimes because dealers are able to net with margins of the offsetting futures, or other positions, in the same client portfolio.[28] Hedge fund gilt repo borrowing is often done at short maturities, often overnight, and so requires regular refinancing to maintain positions."
325,The small number of funds running crowded and heavily leveraged trades in the gilt repo market increases the potential risk of sharp moves as funds could need simultaneously to deleverage in response to a shock.
326,"The July 2025 Financial Stability Report outlined four common triggers that could lead to forced or widespread deleveraging of leveraged trades.[29] Forced or widespread deleveraging would have the result of amplifying initial moves and potentially triggering a feedback loop of further forced selling, especially if funding conditions tightened to the extent that refinancing became unavailable or prohibitively expensive."
327,"Banks’ potential unwillingness to roll repo financing due to counterparty concerns or balance sheet constraints, was a key finding of last year’s SWES."
328,"In addition, prime brokers have limited visibility of their clients’ portfolios across counterparties and therefore can be unaware of the total leveraged exposure of their counterparties."
329,"Markets have broadly seen the defaults of First Brands and Tricolor as driven by company-specific challenges, including alleged fraud, with no material repricing in credit markets (Section 2)."
330,"However, it is prudent for market participants to assess fully what lessons can be learned from these defaults, including what they could reveal about wider risks to individual firms and to global financial stability arising from the private markets and risky credit ecosystems – despite the fact that these two companies only used limited private financing."
331,The opacity and complex structures may have been a contributing factor that allowed significant alleged fraud to go undetected for a period.
332,"There has been increased use of confidential rating assessments in recent years, both in the form of Private Letter Ratings (PLRs) and through less comprehensive assessments via credit opinions (or estimates) – an informal, point-in-time assessment of credit worthiness."
333,Data on the use of these private assessments is limited but BIS research has highlighted the growing use of PLRs in parts of the US insurance market (23% of PE-linked insurers and 8% of non PE-linked investments used PLRs at end-2024).
334,"One example of the growing use of credit estimates is S&P, who have reported the volume of credit estimates they provide has more than doubled since 2021, with growth especially among CLO managers."
335,"This has led to funds increasingly using other strategies to provide returns to investors, such as continuation vehicles that transfer ownership of selected portfolio companies to a new fund."
336,"In light of this, the Bank will undertake a SWES exercise focused on the private markets ecosystem, which will aim to: Explore risks and dynamics associated with private market finance through understanding the actions taken by banks and NBFIs active in private markets in response to a shock, and how these actions may interact at a system level."
337,"The SWES will improve the Bank’s understanding of the behaviours of banks and NBFIs active in the private markets ecosystem in response to a downturn, and whether those behaviours will amplify stress across the financial system and pose risks to UK financial stability."
338,"Liquidity Globally, the assets under In December 2023, the FSB published a set of mismatch in management of OEFs primarily revised policy recommendations to address open-ended investing in UK equities, sterling structural vulnerabilities from liquidity mismatch in funds (OEFs) government bonds, sterling corporate OEFs, complemented by new International bonds, and UK property totalled Organization of Securities Commissions (IOSCO) around £234 billion, £51 billion, £85 guidance on anti-dilution liquidity management billion, and £13 billion respectively as tools."
339,"The policy positions, or as deleveraging leads to recommendations propose a robust set of metrics forced sales, which in turn could and policy tools (eg activity and entity-based amplify shocks and lead to market measures) to monitor leverage as well as contain dysfunction and a potential tightening the financial stability risk of leverage."
340,The FCA is reviewing its data collections to the-counter derivatives in 2022 has ensure its reporting regimes support the been estimated at almost $90 trillion.
341,"The Bank launched a $48 trillion, or 50% of global GDP."
342,"Recommendations cover dash for cash, initial margin liquidity risk management and governance, requirements at UK CCPs increased stress testing and scenario design, and by around 31% to £58 billion, and collateral management practices."
343,"Exacerbated by limited dealer The FPC also welcomed the progress the Bank had intermediation capacity, these events made in developing a new lending facility, the have led to periods of forced selling Contingent NBFI Repo Facility (CNRF), to address of gilts by NBFIs and self-reinforcing severe market dysfunction in the gilt market that price spirals, threatening UK financial threatens UK financial stability arising from shocks stability."
344,"In 2025, the National Cyber Security Centre (NCSC) reported over 200 nationally-significant cyber incidents, up from 62 in 2023."
345,This increase in risk reflects increased geopolitical tensions and advances in technology.
346,"New technologies such as AI and Distributed Ledger Technology (DLT) provide benefits to some firms, and increased automation may reduce operational risks."
347,"Further, because cyberdefence can be challenging and costly for smaller firms (Box A), Boards, firms and FMIs should consider the appropriate level of assurance that their material third parties – which may be smaller firms – are sufficiently resilient to operational risks."
348,"This can include losses sustained due to business interruption, as well as the costs incurred from responding to and recovering from an attack or incident."
349,"For example, a 2025 DSIT report found that for UK small and medium businesses, insurance may be unaffordable, especially for firms with limited security budgets."
350,"As part of wider efforts to improve resilience to cyber risks, there is an opportunity for greater collaboration between insurers and other financial firms to increase the visibility of financial impacts arising from cyber risks and the role of insurance risk transfer."
351,"A range of digital assets utilise this technology, including but not limited to, unbacked crypto, stablecoins, and tokenised deposits and other tokenised assets backed by traditional instruments such as bonds and equities."
352,"The FPC welcomes this work, recognising both the transformative potential of technology associated with stablecoins and that there is a risk of reduced lending to businesses and households as the economy adjusts to these new forms of money."
353,"For example, total global assets under management in crypto-based exchange traded funds have increased from $40 billion in 2022 to $190 billion in 2024."
354,Higher carbon prices also increase corporate credit risks due to higher costs and lower expected revenues for businesses.
355,"In the physical risk-focused scenario, losses are driven by the increased frequency and severity of extreme weather events as global temperatures rise, which would have a severe negative impact on GDP and corporate earnings."
356,"For example, a severe macro shock associated with transition risks could lead to a 16% fall in government bond prices."
357,"The physical risk-focused scenario leads to a smaller fall in government bond prices of around [37] 8%, largely because there is limited interest rate risk in the scenario used – even though the negative GDP impact of the physical risk-focused scenario is much larger than in the transition risk- focused scenario."
358,"Corporate bond and equity prices could also fall as these scenarios are priced in, with UK corporate bond prices falling by 12% and the FTSE All-Share index falling in value by around 24% under the transition risk scenario."
359,"For example, corporate bonds issued by firms in the transport and mining and quarrying sectors could fall in value by as much as 60% as investors price in lower cash flows and higher costs related to transition policies."
360,"For example, institutional investors could be required to sell corporate bonds if they were downgraded from investment grade to high yield or be forced to sell assets to meet liquidity needs from redemptions or margin calls on leveraged exposures."
361,Such actions could increase the corporate bond price impact of the transition-focused scenario by around 4 percentage points.
362,"These businesses are vulnerable to increases in carbon prices, which can occur as a result of government policy, but also in response to increases in gas prices."
363,Banks could face losses on their lending secured on buy-to-let properties as an EPC rating of ‘C’ or above could become a minimum requirement for rentability as early as 2028.
364,"Losses to banks from flooding are also mitigated by the high availability of flood insurance, including due to the presence of Flood Re (more information below)."
365,"Most UK mortgages have an LTV ratio below 70%, and the FPC’s loan to income (LTI) flow limit provides protection against the UK household sector becoming overly indebted."
366,"As set out in the November 2024 Financial Stability Report, the shorter-term financial impact of flooding on households is likely to be limited due to strong flood insurance coverage and affordability relative to other countries."
367,"This is in part due to Flood Re – a joint reinsurance initiative between the Government and the insurance industry, which promotes the affordability and availability of insurance for households at high risk of flooding.[39] Credit risks to banks from physical hazards are also currently mitigated by high insurance coverage."
368,But recent estimates by the Environment Agency suggest that the number of households at risk of flooding could increase from 6.3 million in 2024 to 8 million by 2050.
369,"Further, Flood Re is due to end in 2039 and has a statutory objective to manage the insurance market’s transition to a post- Flood Re pricing model."
370,"Taken together, these changes could lead to decreases in insurance coverage due to insurers withdrawing from certain regions, or pricing becoming unaffordable for households."
371,This could pose financial stability risks in the long term by negatively affecting: Households – through lower house prices due to uninsurability and the costs of repair from physical damages as well as difficulty remortgaging a property if there is a lack of available insurance.
372,Banks – through higher losses on lending to households and businesses affected by flooding.
373,Investment in physical resilience and actions to enhance financial resilience could be beneficial to UK financial stability by supporting insurability as physical risks increase.
374,"On 27 June 2025, the FPC made the Recommendation (25/Q2/1) that: The PRA and FCA should together (i) aim to ensure that the aggregate flow of new residential mortgages from mortgage lenders at loan to income ratios (LTIs) at or greater than 4.5 does not exceed 15% of total new residential mortgages, and (ii) allow individual lenders to increase their share of lending at such high LTIs while aiming to ensure the aggregate flow remained consistent with the limit of 15%."
375,"The FPC recognises that, in doing so, such high LTI lending by individual lenders could exceed 15% of their total number of new residential mortgages while the aggregate flow remains consistent with the 15% limit."
376,"Other FPC policy decisions which remain in place The following text sets out previous FPC decisions, which remain in force, on the setting of its policy tools."
377,"Under PRA rules, foreign CCyB rates applying from 2016 onwards will be automatically reciprocated up to 2.5%."
378,The FPC supported this targeted enhancement of the UK bank resolution regime which had helped to ensure the regime remains fit for purpose and ready for use.
379,"As a result, the FPC reissued the O-SII buffer rates for 2024 to reflect this updated framework."
380,"Having regard to the interaction between monetary and macroprudential policy, the Committee confirmed the appropriateness of continuing to exclude central bank reserves from the leverage ratio, and of not recalibrating the minimum leverage ratio requirement of 3.25% to reflect an increase in reserves since 2016."
381,Annex 2: 2025 Bank Capital Stress Test: bank-specific results The 2025 Bank Capital Stress Test assessed the resilience of the major UK banks and building societies against a severe negative global supply disruption that led to deep recessions across global economies.
382,"UK-focused banks – Lloyds Banking Group, Nationwide Building Society, NatWest Group and Santander UK Group Holdings plc were most affected by the UK macroeconomic stress, driven by higher interest rates, inflation, unemployment and house price falls."
383,The results incorporate losses against the following key risk types: Credit impairments were the main source of losses for banks.
384,"If a bank does not have sufficient CET1 capital to meet 75% of the leverage ratio minimum requirement and 100% of its leverage ratio buffers (as required by PRA rules), Additional Tier 1 capital has been capped at 25% of the leverage ratio minimum requirement for the purpose of calculating the Tier 1 leverage ratio."
385,"The corset was a mechanism that penalised banks for rapidly expanding their deposits, thus constraining the rate at which banks could increase their domestic lending."
386,"The higher cost of living, which is particularly pronounced on vulnerable households, is estimated to increase impairments relative to the scenario starting point by 4% for mortgages and 20% for consumer credit."
387,"This is an improvement relative to the 2022/23 ACS, which reflects that households are more resilient due to increased real incomes as wage growth has outpaced inflation since the 2022/23 ACS and a lower inflation peak in this year’s test."
388,"In 2019 the FPC raised the rate at which it expects to set the UK CCyB in a standard risk environment from 1% to 2%, alongside which the PRC implemented proposals to reduce minimum capital requirements in a way that left overall loss- absorbing capacity in the banking system broadly unchanged."
389,This was intentionally not reflected in the stress-testing framework at the time as to do so would have resulted in a change in the PRC’s risk tolerance.
390,"On 28 November 2025, CME group suffered an outage across a number of its currency and futures markets, reported to have been linked to a cooling failure in a data centre."
391,"Services resumed later the same day, and impacts were limited due to it happening during a public holiday in the US."
392,But the effect of lower risk premia on bond prices is significantly outweighed by the increased duration risk.
